crashid,location,severity_rating5,intersection,alcohol_involved,hazmat_involved,hs_collision_type,crash_type,road_sys_code,road_horiz_align_code,road_grade_code,road_surf_code,surf_cond_code,light_cond_code,environ_cond_code,road_median_code,temp_traffic_zone,posted_speed,first_harmful_event,flg_cell_in_use
10-07-2014-14063856,HUNTERDON-DELAWARE TWP,4,Y,N,N,7,11,5,0,4,2,1,1,1,5,1,45,69,N
10-08-2014-C040-2014-00252A,HUNTERDON-EAST AMWELL TWP,4,N,N,N,4,11,7,0,4,2,2,1,1,4,1,45,5,N
10-08-2014-C040-2014-00062A,HUNTERDON-EAST AMWELL TWP,5,N,Y,N,4,5,2,1,4,2,2,5,1,5,1,45,26,Y
10-08-2014-C040-2014-00023A,HUNTERDON-EAST AMWELL TWP,5,Y,N,N,5,14,2,1,7,2,2,5,1,3,1,55,21,N
10-14-2014-I-2014-06159,HUNTERDON-HIGH BRIDGE BORO,4,N,N,N,4,99,7,1,0,2,1,1,5,5,1,25,12,N
10-15-2014-14-0970,HUNTERDON-HOLLAND TWP,4,N,N,N,4,99,7,1,4,2,1,1,1,5,1,35,7,N
10-15-2014-14-0965,HUNTERDON-HOLLAND TWP,4,N,Y,N,4,11,7,1,4,2,1,5,1,5,1,35,6,N
10-16-2014-C040-2014-00226A,HUNTERDON-KINGWOOD TWP,5,N,N,N,4,99,9,,,,1,1,1,5,1,,11,N
10-17-2014-14003099,HUNTERDON-LAMBERTVILLE CITY,4,Y,N,N,7,6,2,1,4,2,1,1,1,2,1,35,26,N
10-19-2014-101-14,HUNTERDON-LEBANON TWP,4,Y,N,N,4,11,7,0,0,2,1,1,1,5,1,35,5,N
10-19-2014-100-14,HUNTERDON-LEBANON TWP,4,Y,N,N,2,3,2,1,4,2,1,5,1,5,1,50,26,N
10-21-2014-14090729,HUNTERDON-RARITAN TWP,5,N,N,N,4,99,7,1,4,2,1,5,1,4,1,35,7,N
10-21-2014-14035343,HUNTERDON-RARITAN TWP,4,N,N,N,1,13,2,1,4,2,1,7,1,3,1,55,22,N
10-21-2014-14120694,HUNTERDON-RARITAN TWP,4,N,Y,N,1,13,7,1,0,2,1,5,1,5,1,45,22,N
10-21-2014-14105079,HUNTERDON-RARITAN TWP,4,Y,N,N,2,3,5,1,4,2,1,1,1,5,1,45,26,N
10-21-2014-14111625,HUNTERDON-RARITAN TWP,4,N,N,N,2,3,2,1,4,2,1,3,1,4,1,45,26,N
10-22-2014-B110-2014-00440A,HUNTERDON-READINGTON TWP,5,N,N,N,1,13,1,1,4,2,1,5,1,1,1,65,22,N
10-22-2014-14070637,HUNTERDON-READINGTON TWP,4,Y,N,N,2,1,2,1,4,2,1,1,1,3,1,55,26,N
10-22-2014-14108189,HUNTERDON-READINGTON TWP,4,N,N,N,6,12,7,1,4,2,1,3,1,5,1,25,24,N
10-22-2014-14125385,HUNTERDON-READINGTON TWP,5,N,N,N,4,3,7,0,0,2,1,1,1,5,1,25,26,N
10-22-2014-14107040,HUNTERDON-READINGTON TWP,5,N,N,N,4,11,2,1,4,2,1,1,1,1,1,55,5,N
10-22-2014-14085308,HUNTERDON-READINGTON TWP,4,Y,N,N,7,11,7,1,4,2,1,5,1,5,1,30,58,N
10-24-2014-14035463,HUNTERDON-TEWKSBURY TWP,4,N,N,N,4,11,7,0,0,2,1,1,1,5,1,25,6,N
10-25-2014-B110-2014-00495A,HUNTERDON-UNION TWP,5,N,N,N,6,12,7,1,0,2,1,1,1,4,1,40,24,N
11-01-2014-14-8802,MERCER-EAST WINDSOR TWP,5,N,N,N,7,11,7,1,4,2,1,1,1,5,1,35,56,N
11-01-2014-14-7307,MERCER-EAST WINDSOR TWP,5,Y,N,N,2,3,7,0,4,2,1,1,1,4,1,35,26,N
11-01-2014-14-10586,MERCER-EAST WINDSOR TWP,4,N,Y,N,4,11,5,1,4,2,1,7,1,5,1,40,5,N
11-01-2014-14-10595,MERCER-EAST WINDSOR TWP,5,Y,N,N,2,3,2,1,4,2,1,1,1,3,1,55,26,N
11-01-2014-14-3390,MERCER-EAST WINDSOR TWP,5,Y,N,N,2,7,5,1,4,2,1,6,1,5,1,50,26,N
11-01-2014-14-5946,MERCER-EAST WINDSOR TWP,5,N,N,N,1,13,9,1,0,2,1,1,1,5,1,,22,N
11-01-2014-14-10217,MERCER-EAST WINDSOR TWP,4,N,N,N,1,13,9,1,4,2,1,1,1,5,1,,22,N
11-02-2014-I-2014-014119,MERCER-EWING TWP,4,N,N,N,2,13,2,1,4,2,1,1,1,5,1,40,26,N
11-02-2014-I-2014-003335,MERCER-EWING TWP,5,N,N,N,1,13,5,1,4,2,1,3,1,5,1,30,22,N
11-02-2014-C060-2014-00083A,MERCER-EWING TWP,4,N,N,N,7,11,3,1,4,2,2,1,2,1,1,65,57,N
11-02-2014-I-2014-000332,MERCER-EWING TWP,5,Y,N,N,2,7,5,1,4,2,4,1,1,5,1,,26,N
11-02-2014-I-2014-021701,MERCER-EWING TWP,4,N,N,N,2,13,5,1,0,2,1,6,1,5,1,35,26,N
11-02-2014-I-2014-006065,MERCER-EWING TWP,4,Y,N,N,2,13,5,1,4,2,2,1,4,5,1,25,26,N
11-03-2014-14-8703,MERCER-HAMILTON TWP,4,N,N,N,7,11,5,0,4,2,1,6,1,5,1,35,56,N
11-03-2014-14-39121,MERCER-HAMILTON TWP,4,N,N,N,7,11,9,1,4,2,1,1,1,5,1,,56,N
11-03-2014-C020-2014-00376A,MERCER-HAMILTON TWP,4,N,N,N,3,2,1,1,4,2,1,1,1,1,1,65,26,N
11-03-2014-14-9544,MERCER-HAMILTON TWP,5,Y,N,N,1,13,7,1,4,2,1,7,1,5,1,25,22,N
11-03-2014-C060-2014-00125A,MERCER-HAMILTON TWP,4,N,N,N,4,11,2,1,4,2,3,1,3,1,1,55,6,N
11-03-2014-14-50712,MERCER-HAMILTON TWP,4,Y,Y,N,7,11,7,0,0,2,2,6,2,5,1,3,56,N
11-06-2014-HT2014-018945,MERCER-HOPEWELL TWP,4,Y,N,N,2,3,5,1,4,2,1,1,1,5,1,40,26,N
11-06-2014-HT2014-026459,MERCER-HOPEWELL TWP,4,N,N,N,2,4,5,0,0,2,1,1,1,5,1,40,26,N
11-06-2014-HT2014-022944,MERCER-HOPEWELL TWP,5,N,N,N,4,99,5,1,0,2,1,1,1,5,1,40,7,N
11-06-2014-HT2014-018902,MERCER-HOPEWELL TWP,4,N,N,N,4,11,2,1,4,2,1,6,1,5,1,40,5,N
11-06-2014-HT2014-000892,MERCER-HOPEWELL TWP,4,N,N,N,4,4,2,1,4,2,1,1,1,5,1,45,26,N
11-07-2014-14-30238-AC,MERCER-LAWRENCE TWP,4,Y,N,N,2,3,2,1,4,2,1,1,1,5,1,40,26,N
11-07-2014-C060-2014-01101A,MERCER-LAWRENCE TWP,4,N,N,N,7,11,1,1,4,2,1,1,1,1,1,65,42,N
11-07-2014-14-10369-AC,MERCER-LAWRENCE TWP,4,N,N,N,7,11,5,1,4,2,2,1,2,4,1,40,56,N
11-07-2014-14-18355-AC,MERCER-LAWRENCE TWP,5,Y,N,N,7,1,2,1,4,2,1,1,1,1,,45,26,N
11-07-2014-14-22938-AC,MERCER-LAWRENCE TWP,5,Y,N,N,1,13,2,1,4,2,1,6,1,1,,55,22,N
11-07-2014-14-15071-AC,MERCER-LAWRENCE TWP,5,N,N,N,1,13,2,1,4,2,1,6,1,1,1,55,22,N
11-07-2014-14-31676-AC,MERCER-LAWRENCE TWP,4,N,N,N,7,11,7,0,4,2,2,6,2,5,1,25,56,Y
11-07-2014-14-11929-AC,MERCER-LAWRENCE TWP,5,Y,N,N,2,3,2,1,0,2,1,6,1,5,1,40,26,N
11-07-2014-14-30857-AC,MERCER-LAWRENCE TWP,5,N,N,N,2,6,2,1,4,2,1,1,1,1,2,55,28,N
11-08-2014-14-359,MERCER-PENNINGTON BORO,5,N,N,N,4,99,2,1,4,2,1,1,1,5,1,35,9,N
11-14-2014-14-28992,MERCER-PRINCETON,4,N,N,N,4,13,5,1,0,2,1,1,1,5,1,50,5,N
11-14-2014-14-26775,MERCER-PRINCETON,4,N,N,N,4,10,7,0,4,2,1,1,1,5,1,25,6,N
11-12-2014-I-2014-006429,MERCER-ROBBINSVILLE TWP,5,Y,Y,N,4,11,7,1,4,2,2,6,2,5,1,35,6,N
11-12-2014-I-2014-025950,MERCER-ROBBINSVILLE TWP,4,Y,N,N,2,2,2,1,4,2,2,6,2,5,1,45,26,N
11-12-2014-I-2014-000557,MERCER-ROBBINSVILLE TWP,5,N,N,N,4,1,2,1,4,2,1,1,1,3,1,55,26,N
11-12-2014-D010-2014-00181A,MERCER-ROBBINSVILLE TWP,5,N,N,N,7,11,3,1,4,2,2,6,5,1,2,35,46,N
11-12-2014-I-2014-015844,MERCER-ROBBINSVILLE TWP,4,N,N,N,7,11,2,1,4,2,2,1,2,3,1,55,60,N
11-12-2014-14-13559,MERCER-ROBBINSVILLE TWP,4,N,Y,N,2,4,5,0,4,2,1,1,1,5,1,50,26,N
11-12-2014-I-2014-003221,MERCER-ROBBINSVILLE TWP,4,N,Y,N,7,11,7,0,4,2,1,3,1,4,1,45,52,N
11-11-2014-14012313,MERCER-TRENTON CITY,4,Y,N,N,2,13,7,1,4,2,1,6,1,5,1,25,26,N
11-11-2014-14011681,MERCER-TRENTON CITY,4,N,N,N,2,13,2,1,4,2,1,3,1,5,1,25,26,N
11-11-2014-14011616,MERCER-TRENTON CITY,5,Y,N,N,1,13,7,1,4,2,1,6,1,5,1,25,22,N
11-11-2014-14011277,MERCER-TRENTON CITY,5,Y,N,N,1,13,7,1,4,2,2,1,2,5,1,25,22,N
11-11-2014-14009640,MERCER-TRENTON CITY,5,Y,N,N,7,11,7,1,4,2,1,1,1,5,1,25,52,N
11-11-2014-14006098,MERCER-TRENTON CITY,4,N,N,N,2,2,5,1,4,2,1,1,1,5,1,25,26,N
11-11-2014-14003612,MERCER-TRENTON CITY,4,N,Y,N,1,13,7,1,4,2,1,6,1,4,1,25,22,N
11-11-2014-14007101,MERCER-TRENTON CITY,4,Y,N,N,7,11,7,1,0,2,1,3,5,5,1,25,59,N
11-11-2014-14007848,MERCER-TRENTON CITY,4,Y,N,N,2,4,7,1,4,2,1,1,1,5,1,25,26,N
11-13-2014-2014-017675,MERCER-WEST WINDSOR TWP,4,N,Y,N,4,4,5,1,4,2,1,1,1,5,1,45,26,N
11-13-2014-2014-1155,MERCER-WEST WINDSOR TWP,4,N,Y,N,4,11,2,0,0,2,1,6,1,2,1,40,6,N
11-13-2014-2014-8287,MERCER-WEST WINDSOR TWP,5,Y,Y,N,4,1,2,1,4,2,1,6,1,1,1,55,26,N
11-13-2014-2014-27397,MERCER-WEST WINDSOR TWP,5,Y,N,N,1,13,5,1,4,2,1,6,1,5,1,35,22,N
12-01-2014-I-2014-056130,MIDDLESEX-CARTERET BORO,5,N,N,N,1,13,9,1,4,1,1,1,1,5,1,,22,N
12-02-2014-I-2014-006953,MIDDLESEX-CRANBURY TWP,4,N,N,N,5,14,2,1,4,2,1,1,1,2,1,55,21,N
12-02-2014-I-2014-010528,MIDDLESEX-CRANBURY TWP,4,N,N,N,4,11,5,1,4,2,1,3,1,5,1,25,5,N
12-02-2014-D010-2014-01685A,MIDDLESEX-CRANBURY TWP,5,N,N,N,4,1,3,1,4,2,1,5,1,1,1,65,2,N
12-02-2014-I-2014-006923,MIDDLESEX-CRANBURY TWP,4,Y,N,N,2,3,5,1,4,2,1,1,1,5,1,50,26,N
12-02-2014-I-2014-002813,MIDDLESEX-CRANBURY TWP,4,N,N,N,4,1,2,1,4,1,2,1,2,2,1,55,26,N
12-02-2014-I-2014-002337,MIDDLESEX-CRANBURY TWP,4,N,N,N,4,11,5,1,4,2,1,1,1,5,1,35,5,N
12-02-2014-I-2014-004805,MIDDLESEX-CRANBURY TWP,4,N,N,N,4,11,5,0,4,2,1,1,1,3,1,45,5,N
12-02-2014-D010-2014-00731A,MIDDLESEX-CRANBURY TWP,5,N,N,N,2,1,3,1,4,2,1,5,1,1,2,45,26,N
12-02-2014-D010-2014-00905A,MIDDLESEX-CRANBURY TWP,4,N,N,N,7,11,3,1,4,2,1,1,1,1,2,55,48,N
12-02-2014-I-2014-009070,MIDDLESEX-CRANBURY TWP,5,N,N,N,7,11,7,1,0,2,1,1,1,5,1,50,56,N
12-04-2014-14-56829,MIDDLESEX-EAST BRUNSWICK TWP,4,Y,N,N,7,11,2,1,4,2,1,1,1,1,1,45,48,N
12-04-2014-14-69972,MIDDLESEX-EAST BRUNSWICK TWP,4,Y,N,N,1,13,7,1,4,2,1,6,1,5,1,35,22,N
12-04-2014-14-67014,MIDDLESEX-EAST BRUNSWICK TWP,4,N,N,N,2,4,7,1,4,2,1,1,1,4,2,25,26,N
12-04-2014-14-45300,MIDDLESEX-EAST BRUNSWICK TWP,4,Y,N,N,2,3,7,1,4,2,1,1,1,5,1,40,26,N
12-04-2014-14-48641,MIDDLESEX-EAST BRUNSWICK TWP,4,N,N,N,3,10,7,1,4,2,1,1,1,5,1,35,1,N
12-04-2014-14-67084,MIDDLESEX-EAST BRUNSWICK TWP,4,N,N,N,2,3,9,1,4,2,1,1,1,5,1,15,26,N
12-04-2014-14-38104,MIDDLESEX-EAST BRUNSWICK TWP,4,N,N,N,1,13,5,1,4,2,1,6,1,5,1,50,22,N
12-04-2014-14-55092,MIDDLESEX-EAST BRUNSWICK TWP,5,N,N,N,1,13,2,1,4,2,1,6,1,1,1,45,22,N
12-05-2014-14044351,MIDDLESEX-EDISON TWP,4,Y,N,N,2,3,5,1,0,2,1,1,5,3,1,50,26,N
12-05-2014-14027970,MIDDLESEX-EDISON TWP,4,N,Y,N,4,11,2,1,4,2,1,6,1,1,1,50,5,N
12-05-2014-14034938,MIDDLESEX-EDISON TWP,4,N,N,N,7,11,7,1,4,2,1,6,1,4,1,25,56,N
12-05-2014-14004938,MIDDLESEX-EDISON TWP,4,Y,N,N,2,3,7,1,4,2,1,0,1,5,1,25,26,N
12-05-2014-14051999,MIDDLESEX-EDISON TWP,4,N,N,N,1,13,5,1,4,2,1,5,1,5,1,40,,N
12-05-2014-14024659,MIDDLESEX-EDISON TWP,5,N,N,N,2,6,9,1,0,3,1,1,1,5,1,,28,N
12-05-2014-14034451,MIDDLESEX-EDISON TWP,4,N,N,N,4,4,5,1,4,2,1,1,1,5,1,40,26,N
12-05-2014-14019014,MIDDLESEX-EDISON TWP,5,N,N,N,2,13,9,0,0,2,1,1,1,2,1,25,26,N
12-05-2014-B130-2014-03355A,MIDDLESEX-EDISON TWP,4,N,Y,N,4,1,1,1,0,2,1,5,1,1,1,65,26,N
12-05-2014-14060776,MIDDLESEX-EDISON TWP,4,N,Y,N,1,13,2,1,4,2,2,6,2,1,1,45,22,N
12-05-2014-14037273,MIDDLESEX-EDISON TWP,4,Y,N,N,7,11,2,1,4,2,1,5,2,1,1,50,41,N
12-05-2014-14011511,MIDDLESEX-EDISON TWP,5,Y,N,N,1,13,2,1,0,2,1,4,1,1,1,50,22,N
12-05-2014-14040169,MIDDLESEX-EDISON TWP,4,Y,N,N,2,1,5,1,4,2,1,1,1,2,1,45,26,N
12-05-2014-14039580,MIDDLESEX-EDISON TWP,4,N,N,N,7,11,7,1,4,2,1,1,1,5,1,35,52,N
12-08-2014-14-6425,MIDDLESEX-JAMESBURG BORO,4,Y,N,N,1,13,5,1,4,2,1,6,1,5,1,30,22,N
12-12-2014-D010-2014-00683A,MIDDLESEX-MILLTOWN BORO,4,N,N,N,2,2,3,1,7,2,1,6,1,1,2,55,26,N
12-13-2014-14026960,MIDDLESEX-MONROE TWP,5,N,N,N,3,99,7,1,4,2,1,1,1,5,1,45,26,N
12-14-2014-14-13910,MIDDLESEX-NEW BRUNSWICK CITY,4,N,N,N,1,13,5,1,4,2,1,6,1,4,1,25,26,N
12-14-2014-14-40705,MIDDLESEX-NEW BRUNSWICK CITY,4,N,N,N,2,3,2,1,4,2,1,1,1,5,1,50,26,N
12-14-2014-14-00052,MIDDLESEX-NEW BRUNSWICK CITY,4,N,N,N,1,13,7,1,4,2,1,6,1,4,0,25,22,N
12-14-2014-14-29599,MIDDLESEX-NEW BRUNSWICK CITY,4,N,Y,N,2,1,2,1,4,2,1,1,1,1,1,50,26,N
12-14-2014-14-28692,MIDDLESEX-NEW BRUNSWICK CITY,4,N,N,N,2,1,7,1,4,2,1,1,5,5,1,25,26,N
12-14-2014-14-25462,MIDDLESEX-NEW BRUNSWICK CITY,4,N,N,N,7,11,7,1,4,2,1,1,1,5,1,25,69,N
12-15-2014-14075261,MIDDLESEX-NORTH BRUNSWICK TWP,5,N,Y,N,7,11,5,1,4,2,2,7,2,3,1,50,56,N
12-15-2014-14022333,MIDDLESEX-NORTH BRUNSWICK TWP,5,Y,N,N,4,11,2,1,4,1,1,1,1,3,1,55,5,N
12-15-2014-14013801,MIDDLESEX-NORTH BRUNSWICK TWP,4,Y,N,N,2,1,2,1,4,2,1,6,1,1,1,55,26,N
12-09-2014-14003022,MIDDLESEX-OLD BRIDGE TWP,5,N,N,N,1,13,2,1,4,2,1,7,1,5,1,45,22,N
12-09-2014-14015832,MIDDLESEX-OLD BRIDGE TWP,4,N,N,N,2,8,9,1,4,2,1,1,1,99,1,25,28,N
12-09-2014-14009088,MIDDLESEX-OLD BRIDGE TWP,5,Y,N,N,2,1,2,1,4,2,1,1,1,2,1,50,26,N
12-09-2014-14002313,MIDDLESEX-OLD BRIDGE TWP,4,N,Y,N,4,10,7,1,4,2,1,1,1,5,1,25,5,N
12-09-2014-14007795,MIDDLESEX-OLD BRIDGE TWP,4,N,N,N,2,4,5,1,4,2,1,1,1,5,1,50,26,N
12-09-2014-14023853,MIDDLESEX-OLD BRIDGE TWP,4,N,N,N,7,11,5,1,4,2,1,3,1,5,1,50,47,N
12-09-2014-14010984,MIDDLESEX-OLD BRIDGE TWP,5,N,N,N,3,4,2,1,4,2,1,1,1,3,1,55,26,N
12-09-2014-14020747,MIDDLESEX-OLD BRIDGE TWP,4,N,N,N,2,1,5,1,4,2,1,1,1,5,1,45,26,N
12-09-2014-14020530,MIDDLESEX-OLD BRIDGE TWP,5,Y,N,N,2,3,2,1,4,2,1,1,1,3,1,55,26,N
12-09-2014-E050-2014-00655A,MIDDLESEX-OLD BRIDGE TWP,5,N,N,N,3,2,3,0,0,2,1,1,1,1,1,65,26,N
12-09-2014-14010736,MIDDLESEX-OLD BRIDGE TWP,4,N,N,N,2,1,2,1,4,2,1,1,1,3,1,55,26,N
12-09-2014-14034897,MIDDLESEX-OLD BRIDGE TWP,4,N,Y,N,4,11,2,1,4,2,2,7,2,3,1,55,5,N
12-16-2014-14004380,MIDDLESEX-PERTH AMBOY CITY,5,Y,N,N,1,13,2,1,4,2,1,6,1,5,1,45,22,N
12-16-2014-14044614,MIDDLESEX-PERTH AMBOY CITY,4,N,N,N,4,99,2,1,4,2,1,1,1,5,1,45,26,N
12-16-2014-14051045,MIDDLESEX-PERTH AMBOY CITY,4,Y,N,N,2,13,7,1,4,2,1,1,1,5,1,25,26,N
12-16-2014-14057000,MIDDLESEX-PERTH AMBOY CITY,4,Y,N,N,2,7,7,1,4,2,1,7,1,,1,25,26,N
12-16-2014-B130-2014-02736A,MIDDLESEX-PERTH AMBOY CITY,4,N,N,N,7,11,2,1,4,2,1,1,1,1,1,55,48,N
12-17-2014-14023812,MIDDLESEX-PISCATAWAY TWP,4,Y,N,N,4,11,9,1,4,2,1,2,1,5,1,25,5,N
12-17-2014-14009981,MIDDLESEX-PISCATAWAY TWP,4,N,N,N,4,10,2,0,4,1,1,1,1,1,1,55,5,N
12-17-2014-14004314,MIDDLESEX-PISCATAWAY TWP,4,Y,N,N,4,3,7,1,4,2,1,1,1,5,1,35,26,N
12-17-2014-14014070,MIDDLESEX-PISCATAWAY TWP,4,N,N,N,1,13,9,1,4,2,1,1,5,5,1,15,22,N
12-17-2014-14004206,MIDDLESEX-PISCATAWAY TWP,4,N,N,N,4,11,5,0,4,2,1,1,1,4,1,45,5,N
12-17-2014-14009983,MIDDLESEX-PISCATAWAY TWP,5,N,N,N,2,3,5,1,4,2,1,1,1,5,1,45,26,N
12-17-2014-14020198,MIDDLESEX-PISCATAWAY TWP,4,Y,N,N,2,7,5,1,4,2,1,1,1,5,1,40,26,N
12-18-2014-14-14573,MIDDLESEX-PLAINSBORO TWP,4,N,N,N,7,11,2,1,4,2,2,7,2,1,,55,56,N
12-19-2014-E050-2014-01318A,MIDDLESEX-SAYREVILLE BORO,4,N,N,N,4,10,3,1,4,2,1,1,1,1,1,55,5,N
12-19-2014-14008839,MIDDLESEX-SAYREVILLE BORO,4,N,Y,N,7,11,7,1,4,2,1,1,5,5,1,25,56,N
12-19-2014-14017863,MIDDLESEX-SAYREVILLE BORO,4,N,Y,N,7,6,5,1,4,2,1,1,1,4,1,40,26,N
12-19-2014-14021218,MIDDLESEX-SAYREVILLE BORO,5,N,Y,N,7,11,2,0,0,2,1,6,1,1,1,50,56,N
12-21-2014-I-2014-055591,MIDDLESEX-SOUTH BRUNSWICK TWP,5,N,N,N,4,11,5,1,0,2,1,1,1,5,1,45,5,Y
12-21-2014-I-2014-037158,MIDDLESEX-SOUTH BRUNSWICK TWP,5,N,Y,N,1,13,2,1,4,2,1,6,1,5,1,45,22,N
12-21-2014-D010-2014-00312A,MIDDLESEX-SOUTH BRUNSWICK TWP,4,N,N,N,2,1,3,1,7,2,1,1,1,1,2,55,28,N
12-21-2014-D010-2014-01424A,MIDDLESEX-SOUTH BRUNSWICK TWP,5,N,N,N,2,1,3,1,4,2,1,7,1,1,2,55,26,N
12-21-2014-I-2014-051733,MIDDLESEX-SOUTH BRUNSWICK TWP,4,N,N,N,2,13,9,1,4,2,1,1,1,5,1,25,26,N
12-22-2014-14018958,MIDDLESEX-SOUTH PLAINFIELD BORO,5,N,Y,N,7,11,7,1,0,2,1,1,1,5,1,25,56,N
12-23-2014-14-253-AC,MIDDLESEX-SOUTH RIVER BORO,4,Y,N,N,7,11,9,1,4,2,1,1,1,5,1,25,56,N
12-23-2014-14-375-AC,MIDDLESEX-SOUTH RIVER BORO,5,N,N,N,1,13,7,1,4,2,1,1,1,,,25,22,N
12-25-2014-E040-2014-03425A,MIDDLESEX-WOODBRIDGE TWP,4,N,Y,N,4,11,3,1,4,2,2,7,2,1,1,55,5,N
12-25-2014-B130-2014-00059A,MIDDLESEX-WOODBRIDGE TWP,5,N,N,N,7,1,2,0,0,2,2,1,5,1,1,55,26,N
12-25-2014-E040-2014-02858A,MIDDLESEX-WOODBRIDGE TWP,5,N,N,N,4,11,3,1,4,2,,,,1,1,55,5,N
12-25-2014-E050-2014-02401A,MIDDLESEX-WOODBRIDGE TWP,5,N,N,N,4,11,3,1,4,2,2,1,5,1,1,55,5,N
12-25-2014-14119429,MIDDLESEX-WOODBRIDGE TWP,5,N,N,N,7,4,7,1,0,2,1,1,1,5,1,25,26,N
12-25-2014-14045526,MIDDLESEX-WOODBRIDGE TWP,4,Y,N,N,1,13,2,1,4,2,1,1,1,5,1,35,22,N
12-25-2014-E050-2014-01281A,MIDDLESEX-WOODBRIDGE TWP,5,N,Y,N,4,4,3,1,4,2,1,5,1,1,1,55,26,N
12-25-2014-14022988,MIDDLESEX-WOODBRIDGE TWP,4,Y,Y,N,1,13,7,1,4,2,2,6,1,2,1,25,22,N
12-25-2014-D010-2014-01549A,MIDDLESEX-WOODBRIDGE TWP,5,N,N,N,2,1,3,1,4,2,1,5,1,1,1,65,26,N
12-25-2014-14102417,MIDDLESEX-WOODBRIDGE TWP,4,N,N,N,4,11,5,1,4,2,1,1,1,5,1,25,5,N
12-25-2014-D010-2014-01610A,MIDDLESEX-WOODBRIDGE TWP,4,N,N,N,2,1,3,1,4,2,2,1,2,99,1,25,26,N
12-25-2014-14014846,MIDDLESEX-WOODBRIDGE TWP,4,N,N,N,1,13,5,1,7,2,1,6,1,5,1,40,22,N
12-25-2014-14140406,MIDDLESEX-WOODBRIDGE TWP,5,Y,N,N,2,4,2,1,4,2,3,1,6,5,1,45,26,N
12-25-2014-14130837,MIDDLESEX-WOODBRIDGE TWP,4,Y,N,N,2,3,7,1,0,2,1,1,1,5,1,25,26,N
12-25-2014-14098921,MIDDLESEX-WOODBRIDGE TWP,4,N,N,N,4,11,5,1,4,2,1,1,1,5,1,25,6,N
12-25-2014-D010-2014-00763A,MIDDLESEX-WOODBRIDGE TWP,4,N,N,N,3,10,3,0,0,2,1,1,1,1,1,55,1,N
12-25-2014-14096155,MIDDLESEX-WOODBRIDGE TWP,4,Y,N,N,2,99,5,1,4,2,1,1,1,4,1,25,99,N