crashid,location,severity_rating5,intersection,alcohol_involved,hazmat_involved,hs_collision_type,crash_type,road_sys_code,road_horiz_align_code,road_grade_code,road_surf_code,surf_cond_code,light_cond_code,environ_cond_code,road_median_code,temp_traffic_zone,posted_speed,first_harmful_event,flg_cell_in_use
15-11-2014-I-2014-042028,OCEAN-JACKSON TWP,4,N,Y,N,4,11,5,1,4,2,1,1,5,5,1,45,5,N
15-11-2014-I-2014-001541,OCEAN-JACKSON TWP,4,N,N,N,4,4,5,0,0,2,4,1,6,5,1,50,26,N
15-11-2014-I-2014-000316,OCEAN-JACKSON TWP,4,N,N,N,7,11,5,0,4,2,5,1,1,5,1,45,52,N
15-11-2014-I-2014-024966,OCEAN-JACKSON TWP,5,N,N,N,2,99,5,1,4,2,1,1,1,4,1,45,26,N
15-11-2014-I-2014-001522,OCEAN-JACKSON TWP,4,N,N,N,4,11,5,1,0,2,4,1,6,5,1,50,5,N
15-11-2014-I-2014-010448,OCEAN-JACKSON TWP,4,N,N,N,2,13,9,1,4,2,1,1,1,5,1,,26,N
15-11-2014-I-2014-048095,OCEAN-JACKSON TWP,5,N,N,N,4,11,7,1,4,2,1,1,1,5,1,40,5,N
15-11-2014-I-2014-047897,OCEAN-JACKSON TWP,4,N,Y,N,1,13,5,1,4,2,1,7,1,5,1,45,22,N
15-12-2014-14-171,OCEAN-LACEY TWP,5,N,N,N,1,13,5,0,0,2,1,5,1,5,1,50,22,N
15-12-2014-E040-2014-00739A,OCEAN-LACEY TWP,5,N,N,N,3,1,3,1,4,2,1,5,1,1,1,65,26,N
15-12-2014-14-034814,OCEAN-LACEY TWP,5,N,Y,N,4,99,5,1,4,2,1,5,1,5,1,55,7,N
15-12-2014-E030-2014-00739A,OCEAN-LACEY TWP,5,N,N,N,3,1,3,1,4,2,1,5,1,1,1,65,26,N
15-12-2014-14-014839,OCEAN-LACEY TWP,4,N,N,N,4,11,5,1,4,2,1,5,1,5,1,55,5,N
15-12-2014-14-029785,OCEAN-LACEY TWP,5,N,Y,N,4,13,2,1,4,2,1,6,1,4,1,45,7,N
15-12-2014-14-042154,OCEAN-LACEY TWP,4,Y,N,N,2,3,5,1,4,2,2,6,2,5,1,45,26,N
15-12-2014-14-037893,OCEAN-LACEY TWP,4,N,N,N,2,4,7,1,4,2,1,1,1,5,1,25,26,N
15-13-2014-2014-010303,OCEAN-LAKEHURST BORO,4,Y,N,N,4,4,2,1,4,2,2,1,1,4,1,45,26,N
15-13-2014-2014-010523,OCEAN-LAKEHURST BORO,5,Y,N,N,2,3,5,1,4,2,1,1,1,5,1,25,26,N
15-14-2014-14-001877,OCEAN-LAKEWOOD TWP,4,Y,N,N,1,13,7,1,4,2,1,1,1,5,1,25,22,N
15-14-2014-14-049625,OCEAN-LAKEWOOD TWP,5,N,N,N,7,11,7,1,4,2,2,6,2,5,1,25,60,N
15-14-2014-E030-2014-01206A,OCEAN-LAKEWOOD TWP,4,N,N,N,2,6,3,1,4,2,1,4,5,1,2,45,28,N
15-14-2014-14-015434,OCEAN-LAKEWOOD TWP,4,Y,N,N,2,3,2,1,4,2,1,1,5,1,1,50,26,Y
15-14-2014-14-068137,OCEAN-LAKEWOOD TWP,4,N,Y,N,7,11,7,0,4,2,1,1,1,5,1,25,60,N
15-14-2014-14-017385,OCEAN-LAKEWOOD TWP,4,N,Y,N,4,11,2,1,4,2,1,7,1,5,1,35,5,N
15-14-2014-14-019344,OCEAN-LAKEWOOD TWP,4,N,N,N,7,11,5,1,4,2,1,1,1,5,1,35,56,N
15-14-2014-14-001259,OCEAN-LAKEWOOD TWP,4,Y,N,N,7,3,7,1,4,2,1,1,1,5,1,40,26,N
15-14-2014-14-033727,OCEAN-LAKEWOOD TWP,5,N,N,N,1,13,7,1,4,2,2,1,5,5,1,25,22,N
15-14-2014-E030-2014-00026A,OCEAN-LAKEWOOD TWP,4,N,N,N,4,11,3,1,4,2,1,1,1,1,2,55,5,N
15-14-2014-14-039125,OCEAN-LAKEWOOD TWP,5,N,N,N,4,11,5,1,4,2,2,6,1,5,1,40,5,N
15-14-2014-14-026733,OCEAN-LAKEWOOD TWP,4,N,N,N,2,1,2,1,4,2,1,1,1,1,1,50,26,N
15-14-2014-14-067834,OCEAN-LAKEWOOD TWP,4,Y,N,N,7,1,5,1,4,2,1,1,5,5,1,50,26,N
15-14-2014-14-065449,OCEAN-LAKEWOOD TWP,4,N,N,N,4,11,7,0,4,2,1,7,1,5,1,35,5,N
15-14-2014-14-051624,OCEAN-LAKEWOOD TWP,5,Y,N,N,1,13,2,1,4,2,1,1,1,5,1,35,22,N
15-14-2014-14-071920,OCEAN-LAKEWOOD TWP,5,Y,N,N,1,13,2,1,4,2,2,7,5,5,1,40,22,N
15-14-2014-14-077183,OCEAN-LAKEWOOD TWP,4,Y,N,N,1,13,2,1,4,2,1,1,1,5,1,40,22,N
15-14-2014-14-027055,OCEAN-LAKEWOOD TWP,4,Y,N,N,1,13,5,1,4,2,1,1,1,5,1,45,22,N
15-14-2014-14-069510,OCEAN-LAKEWOOD TWP,4,Y,N,N,2,7,5,1,4,2,2,1,2,5,1,50,26,N
15-14-2014-14-051795,OCEAN-LAKEWOOD TWP,5,Y,N,N,2,2,5,1,0,2,1,1,1,5,,40,26,N
15-14-2014-14-022504,OCEAN-LAKEWOOD TWP,4,Y,N,N,7,3,7,1,4,2,2,1,5,5,1,25,26,N
15-14-2014-14-021980,OCEAN-LAKEWOOD TWP,4,N,Y,N,7,10,5,1,4,2,1,7,1,4,1,50,26,N
15-14-2014-14-067331,OCEAN-LAKEWOOD TWP,4,Y,N,N,7,3,7,1,4,2,1,7,1,5,,25,26,N
15-14-2014-14-084146,OCEAN-LAKEWOOD TWP,5,N,N,N,1,13,7,0,0,1,2,1,2,5,1,25,22,N
15-14-2014-14-028584,OCEAN-LAKEWOOD TWP,4,N,N,N,2,1,2,1,4,2,2,1,5,5,1,45,26,N
15-14-2014-14-062440,OCEAN-LAKEWOOD TWP,4,N,N,N,1,13,2,1,4,2,1,5,1,5,1,40,22,N
15-14-2014-14-024285,OCEAN-LAKEWOOD TWP,5,N,N,N,4,11,5,0,4,2,1,1,1,5,1,40,6,N
15-16-2014-14-5814,OCEAN-LITTLE EGG HARBOR TWP,4,N,Y,N,2,4,5,1,4,2,1,1,1,5,1,45,26,N
15-16-2014-14-16079,OCEAN-LITTLE EGG HARBOR TWP,4,Y,N,N,1,13,5,1,0,2,2,6,2,2,1,45,22,N
15-16-2014-14-3244,OCEAN-LITTLE EGG HARBOR TWP,5,N,Y,N,4,99,5,0,4,2,1,5,1,5,1,45,7,N
15-16-2014-14-97,OCEAN-LITTLE EGG HARBOR TWP,4,Y,N,N,7,3,2,1,4,2,1,1,1,5,1,40,26,Y
15-18-2014-2014-625,OCEAN-MANCHESTER TWP,4,N,N,N,5,14,5,1,4,2,1,1,1,4,2,40,21,N
15-18-2014-2014-312,OCEAN-MANCHESTER TWP,4,N,N,N,4,11,7,1,4,2,1,1,1,5,1,40,6,N
15-18-2014-14-61262,OCEAN-MANCHESTER TWP,5,N,Y,N,1,13,7,1,4,2,1,5,1,5,5,35,22,N
15-18-2014-2014-828,OCEAN-MANCHESTER TWP,5,N,N,N,7,11,9,1,4,2,1,1,5,5,1,,56,N
15-18-2014-2014-121,OCEAN-MANCHESTER TWP,4,N,N,N,4,99,5,1,0,2,1,1,1,5,1,50,13,N
15-18-2014-2014-247,OCEAN-MANCHESTER TWP,4,Y,N,N,2,3,5,1,4,2,2,1,2,5,1,40,26,N
15-18-2014-2014-466,OCEAN-MANCHESTER TWP,4,N,N,N,3,10,5,1,4,2,1,1,1,5,1,45,1,N
15-18-2014-2014-867,OCEAN-MANCHESTER TWP,4,Y,N,N,4,11,2,1,4,2,1,1,1,1,1,50,5,N
15-18-2014-2014-407,OCEAN-MANCHESTER TWP,5,Y,N,N,2,3,2,1,4,2,1,1,1,1,1,50,26,N
15-18-2014-2014-366,OCEAN-MANCHESTER TWP,4,N,N,N,4,1,5,1,4,2,1,1,1,5,1,40,26,N
15-20-2014-I-2014-31138,OCEAN-OCEAN TWP,4,N,Y,N,1,13,2,1,4,2,1,7,1,5,1,45,22,N
15-20-2014-I-2014-12489,OCEAN-OCEAN TWP,5,Y,N,N,2,3,5,1,4,2,2,1,2,5,1,35,26,N
15-20-2014-I-2014-22897,OCEAN-OCEAN TWP,4,N,N,N,7,11,7,1,4,2,1,1,1,5,1,25,58,N
15-20-2014-I-2014-30422,OCEAN-OCEAN TWP,4,N,Y,N,7,11,5,1,4,2,2,5,2,5,1,40,60,N
15-20-2014-I-2014-22036,OCEAN-OCEAN TWP,4,N,Y,N,5,14,5,1,4,2,1,3,1,4,1,35,21,N
15-20-2014-I-2014-22892,OCEAN-OCEAN TWP,4,Y,N,N,7,4,2,0,4,2,1,1,1,5,1,45,26,N
15-20-2014-I-2014-25045,OCEAN-OCEAN TWP,4,Y,N,N,4,99,5,0,4,2,1,5,1,5,1,50,6,N
15-22-2014-14-38938,OCEAN-PINE BEACH BORO,4,N,Y,N,2,6,2,1,4,2,1,5,1,5,1,35,28,N
15-23-2014-I-2014-003713,OCEAN-PLUMSTED TWP,5,N,N,Y,2,4,5,0,0,2,1,2,1,4,1,50,26,N
15-24-2014-14-376-AC,OCEAN-POINT PLEASANT BORO,4,Y,N,N,2,1,5,1,4,2,1,1,1,4,1,35,26,N
15-25-2014-14-291,OCEAN-PT PLEASANT BEACH BORO,4,N,N,N,5,14,2,1,4,2,1,3,1,5,1,35,21,N
15-30-2014-E030-2014-00813A,OCEAN-STAFFORD TWP,5,N,N,N,4,2,3,1,4,2,2,1,2,3,1,65,26,N
15-30-2014-E030-2014-00237A,OCEAN-STAFFORD TWP,4,N,N,N,4,11,3,0,0,2,1,1,1,3,1,65,5,N
15-30-2014-I-2014-013632,OCEAN-STAFFORD TWP,5,N,N,N,4,4,2,1,0,2,2,7,4,5,1,55,26,N
15-30-2014-I-2014-005412,OCEAN-STAFFORD TWP,4,N,N,N,2,2,2,1,4,2,1,1,1,5,1,50,26,N
15-30-2014-I-2014-013114,OCEAN-STAFFORD TWP,5,N,N,N,1,13,2,1,4,2,1,6,1,3,1,55,22,N
15-07-2014-14-25865,OCEAN-TOMS RIVER TWP,5,Y,Y,N,1,13,2,1,4,2,1,6,1,5,1,50,22,N
15-07-2014-14-7389,OCEAN-TOMS RIVER TWP,5,Y,Y,N,4,99,7,0,0,2,1,6,1,5,1,25,7,N
15-07-2014-14-61286,OCEAN-TOMS RIVER TWP,4,Y,N,N,7,3,5,1,0,2,1,1,1,2,1,45,26,N
15-07-2014-14-41051,OCEAN-TOMS RIVER TWP,5,N,N,N,7,4,7,1,4,2,1,1,1,5,1,45,26,N
15-07-2014-14-48451,OCEAN-TOMS RIVER TWP,4,N,N,N,4,11,5,1,4,2,1,1,1,4,1,45,5,N
15-07-2014-14-41926,OCEAN-TOMS RIVER TWP,5,Y,N,N,1,13,2,1,4,2,1,6,1,5,1,50,22,N
15-07-2014-E030-2014-01271A,OCEAN-TOMS RIVER TWP,5,N,N,N,4,11,3,1,4,2,1,5,1,1,1,55,5,N
15-07-2014-14-7155,OCEAN-TOMS RIVER TWP,4,N,N,N,7,7,5,1,4,2,1,1,1,4,1,40,26,N
15-07-2014-14-34825,OCEAN-TOMS RIVER TWP,4,Y,Y,N,2,1,2,1,0,2,1,3,1,2,1,50,26,N
15-07-2014-14-55247,OCEAN-TOMS RIVER TWP,5,Y,Y,N,1,13,2,1,4,2,1,6,1,2,1,50,22,N
15-07-2014-14-44669,OCEAN-TOMS RIVER TWP,4,Y,N,N,5,14,5,1,4,2,1,6,1,1,1,35,21,N
15-07-2014-14-19425,OCEAN-TOMS RIVER TWP,5,N,Y,N,4,99,2,1,4,2,1,6,1,4,1,45,7,N
15-07-2014-14-63518,OCEAN-TOMS RIVER TWP,4,N,N,N,7,11,9,,,2,1,1,1,,1,,56,N
15-07-2014-14-32713,OCEAN-TOMS RIVER TWP,4,Y,N,N,2,3,7,1,4,2,1,1,5,5,1,25,26,N
15-07-2014-14-37719,OCEAN-TOMS RIVER TWP,4,N,N,N,4,4,2,0,4,2,1,1,1,4,1,50,26,N
15-07-2014-14-37834,OCEAN-TOMS RIVER TWP,4,Y,N,N,7,3,2,1,4,2,1,7,5,1,1,50,26,N
15-07-2014-14-45226,OCEAN-TOMS RIVER TWP,4,N,N,N,2,7,5,0,0,2,1,1,1,4,1,35,26,N
15-07-2014-14-33107,OCEAN-TOMS RIVER TWP,4,Y,N,N,1,13,9,,,3,1,1,1,,,,22,N
15-07-2014-14-4653,OCEAN-TOMS RIVER TWP,4,N,N,N,2,3,5,1,4,2,2,1,1,2,1,50,26,N
15-07-2014-14-50269,OCEAN-TOMS RIVER TWP,4,N,N,N,7,11,7,0,4,2,1,6,1,4,1,35,56,N
15-07-2014-14-16426,OCEAN-TOMS RIVER TWP,4,Y,N,N,2,9,5,1,4,2,2,1,5,5,1,40,26,N
15-07-2014-14-34792,OCEAN-TOMS RIVER TWP,4,N,N,N,3,10,2,1,4,2,1,1,1,2,1,50,1,N
15-07-2014-14-3408,OCEAN-TOMS RIVER TWP,4,N,N,N,2,3,5,1,4,2,1,1,1,5,1,45,26,N
15-07-2014-14-67058,OCEAN-TOMS RIVER TWP,4,N,N,N,2,4,5,0,0,2,1,1,1,5,1,35,26,N
15-07-2014-14-52431,OCEAN-TOMS RIVER TWP,4,N,N,N,1,13,7,0,4,2,1,1,1,5,1,25,22,N
15-07-2014-E030-2014-00291A,OCEAN-TOMS RIVER TWP,4,N,N,N,4,15,3,1,4,2,1,1,1,1,2,55,6,N
16-02-2014-14-1672,PASSAIC-CLIFTON CITY,5,N,N,N,2,3,5,1,4,2,1,1,1,4,1,35,26,N
16-02-2014-2014-3245,PASSAIC-CLIFTON CITY,4,N,N,N,2,6,5,1,0,2,1,1,1,5,1,25,28,N
16-02-2014-14-7414,PASSAIC-CLIFTON CITY,5,Y,N,N,7,3,5,1,0,2,1,1,1,3,1,35,26,N
16-02-2014-14-2499,PASSAIC-CLIFTON CITY,5,N,N,N,1,13,2,1,0,2,1,6,1,1,1,55,22,N
16-02-2014-14-12782,PASSAIC-CLIFTON CITY,4,N,Y,N,2,6,7,1,4,2,1,6,1,5,1,25,28,N
16-02-2014-14-12302,PASSAIC-CLIFTON CITY,4,Y,N,N,2,13,5,1,4,2,2,1,2,5,1,25,,N
16-02-2014-14-4671,PASSAIC-CLIFTON CITY,5,Y,N,N,7,2,5,1,4,2,2,1,2,5,1,35,26,N
16-02-2014-14-8036,PASSAIC-CLIFTON CITY,4,Y,Y,N,7,11,7,1,4,2,1,6,1,5,1,25,56,N
16-02-2014-14-2188,PASSAIC-CLIFTON CITY,4,N,N,N,2,2,2,0,4,2,2,1,1,1,1,50,26,N
16-02-2014-14-2981,PASSAIC-CLIFTON CITY,5,Y,N,N,7,11,2,0,0,2,1,1,1,1,1,55,41,N
16-02-2014-14-3258,PASSAIC-CLIFTON CITY,4,N,Y,N,7,11,2,1,0,2,1,6,1,1,2,45,48,N
16-02-2014-14-12393,PASSAIC-CLIFTON CITY,5,N,N,N,7,11,9,1,4,2,1,3,1,5,1,,69,N
16-02-2014-14-3914,PASSAIC-CLIFTON CITY,4,N,N,N,1,13,5,1,4,2,1,6,1,2,1,35,22,N
16-02-2014-14-952,PASSAIC-CLIFTON CITY,4,Y,N,N,4,13,2,1,7,2,1,1,5,1,1,50,14,N
16-02-2014-2014-11291,PASSAIC-CLIFTON CITY,4,Y,N,N,1,13,5,1,0,1,2,7,2,5,1,35,22,N
16-02-2014-E040-2014-01921A,PASSAIC-CLIFTON CITY,5,N,N,N,4,11,3,0,0,2,1,1,1,1,1,55,6,N
16-02-2014-E040-2014-00641A,PASSAIC-CLIFTON CITY,4,N,N,N,4,11,3,1,4,2,1,5,1,3,1,55,5,N
16-02-2014-2014-9566,PASSAIC-CLIFTON CITY,4,N,Y,N,7,11,2,1,0,2,1,7,1,1,1,55,56,N
16-02-2014-14-9822,PASSAIC-CLIFTON CITY,4,Y,N,N,7,10,2,1,0,2,1,1,1,2,1,35,56,N
16-02-2014-14-4291,PASSAIC-CLIFTON CITY,4,N,N,N,7,11,9,1,4,2,1,1,1,5,1,25,69,N
16-02-2014-14-100718,PASSAIC-CLIFTON CITY,4,N,N,N,2,13,9,1,4,2,1,1,1,5,1,10,26,N
16-03-2014-14-01316,PASSAIC-HALEDON BORO,4,Y,N,N,2,14,5,1,4,2,1,1,1,4,1,25,26,N
16-04-2014-I-2014-010556,PASSAIC-HAWTHORNE BORO,5,N,N,N,7,13,7,1,4,2,1,1,1,5,5,25,49,N
16-05-2014-14-04267,PASSAIC-LITTLE FALLS TWP,5,N,N,N,7,11,5,0,0,2,1,6,1,5,1,25,56,N
16-05-2014-14-01711,PASSAIC-LITTLE FALLS TWP,4,N,N,N,7,11,2,1,4,2,1,6,1,1,1,50,48,N
16-05-2014-14-02454,PASSAIC-LITTLE FALLS TWP,4,N,Y,N,2,6,5,1,4,2,1,1,5,4,1,25,26,N
16-06-2014-14-2445,PASSAIC-NORTH HALEDON BORO,4,N,Y,N,4,4,5,1,0,2,1,6,1,5,1,40,26,N
16-07-2014-14-16927,PASSAIC-PASSAIC CITY,5,N,Y,N,2,4,2,1,0,1,1,4,1,1,1,55,26,N
16-08-2014-14-057842,PASSAIC-PATERSON CITY,5,Y,N,N,2,3,5,1,4,2,1,6,1,4,1,25,26,N
16-08-2014-14-005011,PASSAIC-PATERSON CITY,5,N,N,N,2,4,2,0,0,2,2,6,1,1,1,35,26,N
16-08-2014-038238-14,PASSAIC-PATERSON CITY,4,Y,N,N,2,1,7,0,7,2,2,1,2,5,1,25,26,N
16-08-2014-14-098025,PASSAIC-PATERSON CITY,4,Y,N,N,2,3,5,1,4,1,1,1,1,5,1,25,26,N
16-08-2014-14-022639,PASSAIC-PATERSON CITY,4,N,N,N,2,3,7,1,4,2,1,1,1,5,1,25,28,N
16-08-2014-14-108778,PASSAIC-PATERSON CITY,4,N,N,N,2,13,5,1,4,2,1,3,1,5,1,25,26,N
16-08-2014-14-1109812,PASSAIC-PATERSON CITY,4,Y,N,N,7,11,5,1,4,2,1,6,1,5,1,25,62,N
16-08-2014-14-115424,PASSAIC-PATERSON CITY,4,N,N,N,1,13,7,1,4,2,2,6,2,5,1,25,26,N
16-08-2014-14-095880,PASSAIC-PATERSON CITY,4,N,N,N,2,13,7,1,4,2,1,3,1,3,1,,26,N
16-08-2014-142014-049863,PASSAIC-PATERSON CITY,4,Y,N,N,2,3,7,1,4,2,1,4,1,4,1,25,26,N
16-08-2014-PCSD14-04444,PASSAIC-PATERSON CITY,4,Y,Y,N,4,11,2,1,4,1,1,1,1,1,1,35,6,N
16-08-2014-14-014445,PASSAIC-PATERSON CITY,4,N,Y,N,2,6,9,1,4,2,2,1,5,5,1,15,28,N
16-08-2014-14-093798,PASSAIC-PATERSON CITY,4,Y,N,N,2,14,5,1,4,2,1,1,1,4,1,25,26,N
16-08-2014-14-115864,PASSAIC-PATERSON CITY,4,Y,N,N,1,13,7,1,4,2,1,1,1,5,1,25,22,N
16-08-2014-1456738,PASSAIC-PATERSON CITY,4,N,N,N,7,11,7,1,4,2,1,7,1,5,1,25,69,N
16-08-2014-14-070104,PASSAIC-PATERSON CITY,4,Y,N,N,5,14,7,1,4,2,1,1,1,,1,25,26,N
16-08-2014-14-116257,PASSAIC-PATERSON CITY,4,Y,N,N,2,1,7,1,4,2,1,1,5,4,1,25,26,N
16-08-2014-14-744759,PASSAIC-PATERSON CITY,4,Y,N,N,2,7,7,1,4,2,1,3,1,5,1,25,26,N
16-08-2014-14-013115,PASSAIC-PATERSON CITY,4,Y,N,N,2,2,7,1,4,2,4,1,5,4,1,25,26,N
16-08-2014-14-066800,PASSAIC-PATERSON CITY,4,N,N,N,2,8,7,1,4,2,1,1,1,4,1,25,26,N
16-08-2014-14-058722,PASSAIC-PATERSON CITY,4,N,N,N,7,11,7,0,0,2,1,6,1,5,1,25,69,N
16-08-2014-14-020632,PASSAIC-PATERSON CITY,4,N,N,N,7,11,2,1,4,2,1,1,1,3,1,,69,N
16-08-2014-14-98586,PASSAIC-PATERSON CITY,4,Y,N,N,3,3,7,1,4,2,1,6,1,5,1,25,26,N
16-08-2014-14104032,PASSAIC-PATERSON CITY,4,Y,N,N,2,3,7,1,4,2,1,1,1,,,25,26,N
16-08-2014-089013-14,PASSAIC-PATERSON CITY,4,Y,N,N,2,4,7,1,7,1,1,1,1,5,1,25,26,N
16-08-2014-14-37117,PASSAIC-PATERSON CITY,5,Y,N,N,7,11,5,1,0,2,2,6,2,4,1,25,52,N
16-11-2014-I-2014-008609,PASSAIC-RINGWOOD BORO,5,N,N,N,4,10,7,0,4,2,1,5,1,5,1,50,5,N
16-11-2014-I-2014-009667,PASSAIC-RINGWOOD BORO,4,N,Y,N,3,10,7,1,4,2,1,5,1,5,1,25,1,N
16-12-2014-14-02076,PASSAIC-TOTOWA BORO,5,Y,N,N,2,1,5,1,4,2,1,1,1,4,1,35,26,N
16-13-2014-B060-2014-03648A,PASSAIC-WANAQUE BORO,5,N,N,N,4,8,1,0,4,1,2,2,3,1,1,65,26,N
16-14-2014-2014043863,PASSAIC-WAYNE TWP,5,N,N,N,7,11,5,0,0,2,2,1,1,4,1,35,56,N
16-14-2014-2014009958,PASSAIC-WAYNE TWP,5,N,N,N,2,4,5,1,4,2,2,1,2,5,1,40,26,N
16-14-2014-2014014164,PASSAIC-WAYNE TWP,5,N,N,N,4,99,7,0,0,2,1,1,1,5,1,30,7,N
16-14-2014-2014032196,PASSAIC-WAYNE TWP,4,Y,Y,N,2,3,7,1,4,2,1,3,1,5,1,25,26,N
16-14-2014-2014042352,PASSAIC-WAYNE TWP,4,N,N,N,4,2,2,1,0,2,2,6,1,1,1,55,26,N
16-14-2014-2014042266,PASSAIC-WAYNE TWP,5,Y,N,N,1,13,5,1,4,2,2,6,1,5,1,40,22,N
16-14-2014-2014029632,PASSAIC-WAYNE TWP,4,N,N,N,7,10,5,1,7,2,2,1,2,4,1,45,58,N
16-14-2014-2014015869,PASSAIC-WAYNE TWP,4,Y,N,N,2,7,5,1,4,2,1,1,1,4,1,40,26,N
16-14-2014-2014001377,PASSAIC-WAYNE TWP,4,N,N,N,2,4,5,0,0,2,2,1,2,4,1,40,26,N
16-14-2014-2014016380,PASSAIC-WAYNE TWP,5,Y,N,N,2,3,5,1,0,2,1,1,1,5,1,35,26,N
16-14-2014-B060-2014-02279A,PASSAIC-WAYNE TWP,5,N,N,N,1,13,1,0,4,2,1,5,1,1,1,55,22,N
16-15-2014-14-8391-AC,PASSAIC-WEST MILFORD TWP,5,N,Y,N,4,11,7,0,0,2,1,4,1,5,1,40,5,N
16-15-2014-14-5983-AC,PASSAIC-WEST MILFORD TWP,5,N,Y,N,4,10,5,0,4,2,1,1,1,5,1,45,5,N
16-16-2014-14-02983,PASSAIC-WOODLAND PARK BORO,5,N,N,N,1,13,5,0,0,2,2,6,2,5,1,25,22,N
16-16-2014-14-02581,PASSAIC-WOODLAND PARK BORO,5,N,N,N,4,15,5,0,0,1,1,5,1,5,1,25,5,N
17-01-2014-A140-2014-00502A,SALEM-ALLOWAY TWP,5,N,N,N,4,11,5,0,0,2,1,7,1,5,1,35,6,N
17-01-2014-A140-2014-00392A,SALEM-ALLOWAY TWP,5,N,N,N,4,2,5,1,4,2,1,1,1,5,1,50,26,N
17-13-2014-I-2014-06018,SALEM-CARNEYS POINT TWP,5,Y,N,N,4,7,2,1,7,2,1,1,1,5,1,50,26,N
17-13-2014-A140-2014-00178A,SALEM-CARNEYS POINT TWP,5,N,N,N,4,11,1,1,4,2,1,6,1,3,1,65,6,N
17-04-2014-2014-002690,SALEM-LOWER ALLOWAYS CRK TWP,5,Y,N,N,7,11,7,1,4,2,1,6,1,4,,50,60,N
17-04-2014-2014-003966,SALEM-LOWER ALLOWAYS CRK TWP,4,N,N,N,4,11,5,1,4,2,2,1,2,5,1,50,6,N
17-05-2014-A140-2014-00316A,SALEM-MANNINGTON TWP,5,N,Y,N,4,99,5,1,4,2,2,5,1,5,1,35,7,N
17-07-2014-D020-2014-00688A,SALEM-PENNS GROVE BORO,4,N,N,N,4,99,3,1,4,2,1,1,1,1,1,65,11,N
17-08-2014-I-2014-11428,SALEM-PENNSVILLE TWP,5,N,N,N,2,4,2,1,4,2,1,1,1,5,1,50,26,N
17-09-2014-A140-2014-00622A,SALEM-PILESGROVE TWP,5,N,Y,N,1,13,5,1,7,2,1,5,1,5,1,50,22,N
17-09-2014-D020-2014-00765A,SALEM-PILESGROVE TWP,5,N,N,N,7,11,3,1,4,2,1,1,1,1,2,45,46,N
17-09-2014-A140-2014-00682A,SALEM-PILESGROVE TWP,5,N,N,N,4,11,5,1,4,2,2,1,2,5,1,50,6,N
17-09-2014-A140-2014-00213A,SALEM-PILESGROVE TWP,4,N,N,N,2,4,2,1,0,2,3,1,3,5,1,50,26,N